prod_url,img_link,prod_name,prod_price
https://www.glassesshop.com/eyeglasses/fp2683,"https://res.glassesshop.com/products/202301/63d76dd0365d6.jpg?im=Resize,width=600,height=300",DesMoines,$19.95
https://www.glassesshop.com/eyeglasses/fp2749,"https://res.glassesshop.com/products/202306/648ff6f01c0bc.jpg?im=Resize,width=600,height=300",Jersey,$19.98
https://www.glassesshop.com/eyeglasses/grm0004,"https://res.glassesshop.com/products/202305/645331d01f1ff.jpg?im=Resize,width=600,height=300",Elizabeth,$7.99
https://www.glassesshop.com/eyeglasses/fp2698,"https://res.glassesshop.com/products/202301/63d76c5de7219.jpg?im=Resize,width=600,height=300",Martina,$26.95
https://www.glassesshop.com/eyeglasses/fp2611,"https://res.glassesshop.com/products/202208/62f9e3e5aa137.jpg?im=Resize,width=600,height=300",Pisces,$19.95
https://www.glassesshop.com/eyeglasses/fp2640,"https://res.glassesshop.com/products/202209/63291f0d6767e.jpg?im=Resize,width=600,height=300",Muskegon,$26.95
https://www.glassesshop.com/eyeglasses/fp2071,"https://res.glassesshop.com/products/202107/60f4cf20d328f.jpg?im=Resize,width=600,height=300",Taurus,$26.95
https://www.glassesshop.com/eyeglasses/fp2035,"https://res.glassesshop.com/products/201911/5dbfed02cae13.jpg?im=Resize,width=600,height=300",Oberlin,$19.95
https://www.glassesshop.com/eyeglasses/fm1354,"https://res.glassesshop.com/products/201812/5c2436744ec7f.jpg?im=Resize,width=600,height=300",Haywood,$29.95
https://www.glassesshop.com/eyeglasses/fp2625,"https://res.glassesshop.com/products/202208/62f1d7412306d.jpg?im=Resize,width=600,height=300",Hodgson,$35.95
https://www.glassesshop.com/eyeglasses/fp2643,"https://res.glassesshop.com/products/202209/63291f30265b7.jpg?im=Resize,width=600,height=300",Altus,$26.95
https://www.glassesshop.com/eyeglasses/ft0680,"https://res.glassesshop.com/products/202307/64a7c68db758a.jpg?im=Resize,width=600,height=300",Isaac,$29.95
https://www.glassesshop.com/eyeglasses/fp2468,"https://res.glassesshop.com/products/202111/617fad01dd332.jpg?im=Resize,width=600,height=300",Water,$29.95
https://www.glassesshop.com/eyeglasses/fz2093,"https://res.glassesshop.com/products/202307/64a2934c89bbc.jpg?im=Resize,width=600,height=300",Carolyn,$34.95
https://www.glassesshop.com/eyeglasses/fp2608,"https://res.glassesshop.com/products/202207/62cbdc0da6d24.jpg?im=Resize,width=600,height=300",Katherine,$26.95
https://www.glassesshop.com/eyeglasses/fz2104,"https://res.glassesshop.com/products/202307/64a2938129b3e.jpg?im=Resize,width=600,height=300",Palm,$34.95
https://www.glassesshop.com/eyeglasses/fp2434,"https://res.glassesshop.com/products/202109/614a9c84c9ab0.jpg?im=Resize,width=600,height=300",Lydia,$19.95
https://www.glassesshop.com/eyeglasses/fz1392,"https://res.glassesshop.com/products/201910/5d9ffa72dbb0e.jpg?im=Resize,width=600,height=300",Endicott,$29.95
https://www.glassesshop.com/eyeglasses/st0273,"https://res.glassesshop.com/products/202205/6278cd304877e.jpg?im=Resize,width=600,height=300",Yves,$55.95
https://www.glassesshop.com/eyeglasses/fp2700,"https://res.glassesshop.com/products/202301/63d76c6a57687.jpg?im=Resize,width=600,height=300",Cleveland,$26.95
https://www.glassesshop.com/eyeglasses/ft0657,"https://res.glassesshop.com/products/202304/6434c03f2e3c5.jpg?im=Resize,width=600,height=300",Daniel,$44.95
https://www.glassesshop.com/eyeglasses/fm1814,"https://res.glassesshop.com/products/202209/63291e344beb6.jpg?im=Resize,width=600,height=300",Traverse,$19.95
https://www.glassesshop.com/eyeglasses/fp2585,"https://res.glassesshop.com/products/202205/6278d38fda965.jpg?im=Resize,width=600,height=300",FortMyers,$29.95
https://www.glassesshop.com/eyeglasses/fm1286,"https://res.glassesshop.com/products/201807/5b5fc1d09945c.jpg?im=Resize,width=600,height=300",Lyndon,$19.95
https://www.glassesshop.com/eyeglasses/fz1032,"https://res.glassesshop.com/products/202010/5f990771305f0.jpg?im=Resize,width=600,height=300",Poppy,$29.95
https://www.glassesshop.com/eyeglasses/fm1711,"https://res.glassesshop.com/products/202202/620a048369ad4.jpg?im=Resize,width=600,height=300",Aubrey,$26.95
https://www.glassesshop.com/eyeglasses/fz1658,"https://res.glassesshop.com/products/202312/657a5852baca5.jpg?im=Resize,width=600,height=300",Kitty,$29.95
https://www.glassesshop.com/eyeglasses/fm1654,"https://res.glassesshop.com/products/202111/617fae5de0604.jpg?im=Resize,width=600,height=300",Modesto,$26.95
https://www.glassesshop.com/eyeglasses/fp2106,"https://res.glassesshop.com/products/202006/5ef06e3a89c4c.jpg?im=Resize,width=600,height=300",Gulfport,$19.95
https://www.glassesshop.com/eyeglasses/fp2047,"https://res.glassesshop.com/products/202002/5e43692687da0.jpg?im=Resize,width=600,height=300",Libra,$26.95
https://www.glassesshop.com/eyeglasses/fp2010,"https://res.glassesshop.com/products/202107/60f4cf1859345.jpg?im=Resize,width=600,height=300",Cooksville,$12.95
https://www.glassesshop.com/eyeglasses/fp2514,"https://res.glassesshop.com/products/202112/61adbf7e62f41.jpg?im=Resize,width=600,height=300",Hannah,$26.95
https://www.glassesshop.com/eyeglasses/fp1506,"https://res.glassesshop.com/products/201811/5bff5bf26798e.jpg?im=Resize,width=600,height=300",Bruno,$19.95
https://www.glassesshop.com/eyeglasses/fp1979,"https://res.glassesshop.com/products/201910/5d9ff9961f92a.jpg?im=Resize,width=600,height=300",Bronx,$12.95
https://www.glassesshop.com/eyeglasses/fz1491,"https://res.glassesshop.com/products/202008/5f30c11add35e.jpg?im=Resize,width=600,height=300",Joplin,$26.95
https://www.glassesshop.com/eyeglasses/fz1740,"https://res.glassesshop.com/products/202108/6107bdcd1997d.jpg?im=Resize,width=600,height=300",Memphis,$29.95
https://www.glassesshop.com/eyeglasses/fm1387,"https://res.glassesshop.com/products/201906/5d031896311f6.jpg?im=Resize,width=600,height=300",Celia,$19.95
https://www.glassesshop.com/eyeglasses/sup0791,"https://res.glassesshop.com/products/202007/5f1e8acd71af1.jpg?im=Resize,width=600,height=300",Evanston,$26.95
https://www.glassesshop.com/eyeglasses/fz2025,"https://res.glassesshop.com/products/202209/63292118e1589.jpg?im=Resize,width=600,height=300",Placerville,$29.95
https://www.glassesshop.com/eyeglasses/fm1405,"https://res.glassesshop.com/products/201910/5da92c7eb9fb3.jpg?im=Resize,width=600,height=300",Toledo,$26.95
https://www.glassesshop.com/eyeglasses/fp1991,"https://res.glassesshop.com/products/202106/60bdd7c30d594.jpg?im=Resize,width=600,height=300",Asheville,$12.95
https://www.glassesshop.com/eyeglasses/fp1972,"https://res.glassesshop.com/products/202106/60bdd9c8ae6b0.jpg?im=Resize,width=600,height=300",Flushing,$12.95
https://www.glassesshop.com/eyeglasses/fp1641,"https://res.glassesshop.com/products/201805/5afe7e758cfc5.jpg?im=Resize,width=600,height=300",Mason,$19.95
https://www.glassesshop.com/eyeglasses/fz1608,"https://res.glassesshop.com/products/202102/602a10c0cfd59.jpg?im=Resize,width=600,height=300",Hedy,$29.95
https://www.glassesshop.com/eyeglasses/sup1074,"https://res.glassesshop.com/products/202103/60457fdbce7bd.jpg?im=Resize,width=600,height=300",Clarence,$9.95
https://www.glassesshop.com/eyeglasses/fm1468,"https://res.glassesshop.com/products/202011/5fa35a38a05d9.jpg?im=Resize,width=600,height=300",Amelia,$34.95
https://www.glassesshop.com/eyeglasses/fm1244,"https://res.glassesshop.com/products/201805/5b05174d38e7e.jpg?im=Resize,width=600,height=300",Burke,$26.95
https://www.glassesshop.com/eyeglasses/fz1320,"https://res.glassesshop.com/products/201906/5cf8ca4eb5fb5.jpg?im=Resize,width=600,height=300",Vogt,$29.95
https://www.glassesshop.com/eyeglasses/fp2024,"https://res.glassesshop.com/products/202106/60bdd7ddbb29d.jpg?im=Resize,width=600,height=300",Joni,$29.95
https://www.glassesshop.com/eyeglasses/fp2319,"https://res.glassesshop.com/products/202309/64ffbf806b97a.jpg?im=Resize,width=600,height=300",Alberta,$9.95
https://www.glassesshop.com/eyeglasses/fp1747,"https://res.glassesshop.com/products/201807/5b5fc22e9933f.jpg?im=Resize,width=600,height=300",Murphy,$39.95
https://www.glassesshop.com/eyeglasses/fp2158,"https://res.glassesshop.com/products/202011/5fa8e947af13a.jpg?im=Resize,width=600,height=300",Indianapolis,$9.95
https://www.glassesshop.com/eyeglasses/fz1268,"https://res.glassesshop.com/products/201810/5bbc509cc7c07.jpg?im=Resize,width=600,height=300",Genevieve,$34.95
https://www.glassesshop.com/eyeglasses/fp1363,"https://res.glassesshop.com/products/202102/6023752dda9dd.jpg?im=Resize,width=600,height=300",Evansville,$19.95
https://www.glassesshop.com/eyeglasses/fp2111,"https://res.glassesshop.com/products/202007/5f0d02e66cf0b.jpg?im=Resize,width=600,height=300",Althea,$19.95
https://www.glassesshop.com/eyeglasses/fz1461,"https://res.glassesshop.com/products/202005/5eb913470af6b.jpg?im=Resize,width=600,height=300",Prairie,$29.95
https://www.glassesshop.com/eyeglasses/fz1297,"https://res.glassesshop.com/products/201901/5c3403881a8fe.jpg?im=Resize,width=600,height=300",Hume,$29.95
https://www.glassesshop.com/eyeglasses/fp2580,"https://res.glassesshop.com/products/202209/63291eab4c658.jpg?im=Resize,width=600,height=300",Roderick,$12.95
https://www.glassesshop.com/eyeglasses/fp1923,"https://res.glassesshop.com/products/202101/5fffb4b75dafe.jpg?im=Resize,width=600,height=300",Bray,$12.95
https://www.glassesshop.com/eyeglasses/fp1841,"https://res.glassesshop.com/products/201904/5cb69b512d7b0.jpg?im=Resize,width=600,height=300",Butler,$19.95
https://www.glassesshop.com/eyeglasses/fp1727,"https://res.glassesshop.com/products/201807/5b3dcff30c19c.jpg?im=Resize,width=600,height=300",Dove,$34.95
https://www.glassesshop.com/eyeglasses/fp2026,"https://res.glassesshop.com/products/201911/5dbfecc57f5b9.jpg?im=Resize,width=600,height=300",Plains,$26.95
https://www.glassesshop.com/eyeglasses/fp2036,"https://res.glassesshop.com/products/202002/5e377f634cb1c.jpg?im=Resize,width=600,height=300",Fresno,$9.95
https://www.glassesshop.com/eyeglasses/fp2646,"https://res.glassesshop.com/products/202209/63291f4cee19b.jpg?im=Resize,width=600,height=300",Rebecca,$26.95
https://www.glassesshop.com/eyeglasses/fp2679,"https://res.glassesshop.com/products/202301/63d76dbb2186f.jpg?im=Resize,width=600,height=300",Equality,$19.95
https://www.glassesshop.com/eyeglasses/fp2151,"https://res.glassesshop.com/products/202011/5f9faec3362e6.jpg?im=Resize,width=600,height=300",Dominic,$12.95
https://www.glassesshop.com/eyeglasses/fp1742,"https://res.glassesshop.com/products/201807/5b4c4e365c7ab.jpg?im=Resize,width=600,height=300",Otis,$5.95
https://www.glassesshop.com/eyeglasses/fz0981,"https://res.glassesshop.com/products/201704/58f85d7927324.jpg?im=Resize,width=600,height=300",Miami,$29.95
https://www.glassesshop.com/eyeglasses/fz1313,"https://res.glassesshop.com/products/201906/5cf8ca4e9765e.jpg?im=Resize,width=600,height=300",Whittier,$29.95
https://www.glassesshop.com/eyeglasses/fp1694,"https://res.glassesshop.com/products/202106/60bdd99fb7511.jpg?im=Resize,width=600,height=300",Lexingto,$19.95
https://www.glassesshop.com/eyeglasses/fm1394,"https://res.glassesshop.com/products/202011/5fbf2aaec33c1.jpg?im=Resize,width=600,height=300",Attis,$26.95
https://www.glassesshop.com/eyeglasses/sm0860,"https://res.glassesshop.com/products/201810/5bbc51096d6bb.jpg?im=Resize,width=600,height=300",Willie,$19.95
https://www.glassesshop.com/eyeglasses/fm1819,"https://res.glassesshop.com/products/202209/63291e5d87db4.jpg?im=Resize,width=600,height=300",Smollett,$19.95
https://www.glassesshop.com/eyeglasses/fz1209,"https://res.glassesshop.com/products/202008/5f4775478f20c.jpg?im=Resize,width=600,height=300",Pete,$29.95
https://www.glassesshop.com/eyeglasses/fm1385,"https://res.glassesshop.com/products/201906/5d031896295ff.jpg?im=Resize,width=600,height=300",Riverside,$19.95
https://www.glassesshop.com/eyeglasses/fp2390,"https://res.glassesshop.com/products/202109/614a9a5e84c85.jpg?im=Resize,width=600,height=300",Fitchburg,$9.95
https://www.glassesshop.com/eyeglasses/ft0304,"https://res.glassesshop.com/products/201906/5d0318965cdb1.jpg?im=Resize,width=600,height=300",Annabel,$39.95
https://www.glassesshop.com/eyeglasses/fp1719,"https://res.glassesshop.com/products/201902/5c7757050ca47.jpg?im=Resize,width=600,height=300",Jean,$26.95
https://www.glassesshop.com/eyeglasses/fp2691,"https://res.glassesshop.com/products/202301/63d76dfe833dd.jpg?im=Resize,width=600,height=300",Spencer,$26.95
https://www.glassesshop.com/eyeglasses/fz1087,"https://res.glassesshop.com/products/201710/59e01c443bff6.jpg?im=Resize,width=600,height=300",Mandy,$29.95
https://www.glassesshop.com/eyeglasses/fz1358,"https://res.glassesshop.com/products/201907/5d1dad7e8b665.jpg?im=Resize,width=600,height=300",Milne,$29.95
https://www.glassesshop.com/eyeglasses/fp2298,"https://res.glassesshop.com/products/202105/60a3628199108.jpg?im=Resize,width=600,height=300",Denise,$26.95
https://www.glassesshop.com/eyeglasses/sup1252,"https://res.glassesshop.com/products/202109/613efc409deb9.jpg?im=Resize,width=600,height=300",Geraldine,$29.95
https://www.glassesshop.com/eyeglasses/fp1984,"https://res.glassesshop.com/products/201910/5d9ff9b83e263.jpg?im=Resize,width=600,height=300",Yonkers,$12.95
https://www.glassesshop.com/eyeglasses/fz1159,"https://res.glassesshop.com/products/201805/5b0fae2e711fc.jpg?im=Resize,width=600,height=300",Enoch,$29.95
https://www.glassesshop.com/eyeglasses/fp2195,"https://res.glassesshop.com/products/202011/5fc45793d9906.jpg?im=Resize,width=600,height=300",Owensboro,$12.95
https://www.glassesshop.com/eyeglasses/fm1471,"https://res.glassesshop.com/products/202008/5f30d2a299820.jpg?im=Resize,width=600,height=300",Celeste,$19.95
https://www.glassesshop.com/eyeglasses/fp1661,"https://res.glassesshop.com/products/201805/5af16009d7b28.jpg?im=Resize,width=600,height=300",Derrick,$26.95
https://www.glassesshop.com/eyeglasses/fm1578,"https://res.glassesshop.com/products/202102/602a0fe8ed039.jpg?im=Resize,width=600,height=300",Chad,$19.95
https://www.glassesshop.com/eyeglasses/fp1730,"https://res.glassesshop.com/products/201807/5b3dd02194eeb.jpg?im=Resize,width=600,height=300",Grover,$34.95
https://www.glassesshop.com/eyeglasses/fp1617,"https://res.glassesshop.com/products/201805/5afe7d0d36829.jpg?im=Resize,width=600,height=300",Baldwin,$19.95
https://www.glassesshop.com/eyeglasses/fp1804,"https://res.glassesshop.com/products/202105/60b58487603f5.jpg?im=Resize,width=600,height=300",Watertown,$19.95
https://www.glassesshop.com/eyeglasses/sup1203,"https://res.glassesshop.com/products/202106/60d17b88cdbd8.jpg?im=Resize,width=600,height=300",TerreHaute,$19.95
https://www.glassesshop.com/eyeglasses/fp1768,"https://res.glassesshop.com/products/201808/5b7e0ee2a1137.jpg?im=Resize,width=600,height=300",Belle,$19.95
https://www.glassesshop.com/eyeglasses/fp2490,"https://res.glassesshop.com/products/202201/61dbe5d528cb5.jpg?im=Resize,width=600,height=300",Niki,$26.95
https://www.glassesshop.com/eyeglasses/sm0751,"https://res.glassesshop.com/products/201707/5965e6954a9f3.jpg?im=Resize,width=600,height=300",Matthew,$39.95
https://www.glassesshop.com/eyeglasses/fp1110,"https://res.glassesshop.com/products/201708/5983fe65ed003.jpg?im=Resize,width=600,height=300",Hyannis,$29.95
https://www.glassesshop.com/eyeglasses/sup0821,"https://res.glassesshop.com/products/202004/5e93cdb77d4ef.jpg?im=Resize,width=600,height=300",Walnut,$29.95
https://www.glassesshop.com/eyeglasses/fm1838,"https://res.glassesshop.com/products/202301/63d76e38e744f.jpg?im=Resize,width=600,height=300",Mirabelle,$26.95
https://www.glassesshop.com/eyeglasses/fp2086,"https://res.glassesshop.com/products/202005/5eb8b58e68ce6.jpg?im=Resize,width=600,height=300",Annabelle,$26.95
https://www.glassesshop.com/eyeglasses/fp2520,"https://res.glassesshop.com/products/202201/61dbe605ac50b.jpg?im=Resize,width=600,height=300",Pasadena,$26.95
https://www.glassesshop.com/eyeglasses/fp1920,"https://res.glassesshop.com/products/201908/5d4d18eee5210.jpg?im=Resize,width=600,height=300",Bloor,$12.95
https://www.glassesshop.com/eyeglasses/fz1750,"https://res.glassesshop.com/products/202108/610a547c82bdc.jpg?im=Resize,width=600,height=300",Union,$35.95
https://www.glassesshop.com/eyeglasses/rm0288,"https://res.glassesshop.com/products/202009/5f5edd683b77a.jpg?im=Resize,width=600,height=300",Egbert,$54.95
https://www.glassesshop.com/eyeglasses/fp2183,"https://res.glassesshop.com/products/202011/5fc45741a56c5.jpg?im=Resize,width=600,height=300",Jacksonville,$19.95
https://www.glassesshop.com/eyeglasses/fp2067,"https://res.glassesshop.com/products/202106/60bddfe4133b5.jpg?im=Resize,width=600,height=300",Eden,$9.95
https://www.glassesshop.com/eyeglasses/sup1101,"https://res.glassesshop.com/products/202103/604580ab73609.jpg?im=Resize,width=600,height=300",Galveston,$29.95
https://www.glassesshop.com/eyeglasses/sup0795,"https://res.glassesshop.com/products/202004/5e93ccf46520c.jpg?im=Resize,width=600,height=300",Aurora,$29.95
https://www.glassesshop.com/eyeglasses/sup1175,"https://res.glassesshop.com/products/202106/60c7fae0d0b31.jpg?im=Resize,width=600,height=300",Michelle,$29.95
https://www.glassesshop.com/eyeglasses/sup0700,"https://res.glassesshop.com/products/201906/5cff70bbe91a2.jpg?im=Resize,width=600,height=300",Nodia,$29.95
https://www.glassesshop.com/eyeglasses/fm1271,"https://res.glassesshop.com/products/201807/5b4c4d7b98167.jpg?im=Resize,width=600,height=300",Omar,$19.95
https://www.glassesshop.com/eyeglasses/fz2079,"https://res.glassesshop.com/products/202307/64a7c79fa3309.jpg?im=Resize,width=600,height=300",Whitehorse,$29.95
https://www.glassesshop.com/eyeglasses/sup0711,"https://res.glassesshop.com/products/201907/5d268bd89da12.jpg?im=Resize,width=600,height=300",Marlowe,$19.95
https://www.glassesshop.com/eyeglasses/fp2192,"https://res.glassesshop.com/products/202011/5fc4577f20d36.jpg?im=Resize,width=600,height=300",Naperville,$12.95
https://www.glassesshop.com/eyeglasses/fp2705,"https://res.glassesshop.com/products/202304/6434bf1d89ef0.jpg?im=Resize,width=600,height=300",Ingersoll,$19.95
https://www.glassesshop.com/eyeglasses/fp2105,"https://res.glassesshop.com/products/202006/5ef06e335153e.jpg?im=Resize,width=600,height=300",Salisbury,$19.95
https://www.glassesshop.com/eyeglasses/fp2576,"https://res.glassesshop.com/products/202209/63291e887be5d.jpg?im=Resize,width=600,height=300",Silvester,$12.95
https://www.glassesshop.com/eyeglasses/fz2057,"https://res.glassesshop.com/products/202307/64a7c7026c052.jpg?im=Resize,width=600,height=300",Aries,$29.95
https://www.glassesshop.com/eyeglasses/fp2418,"https://res.glassesshop.com/products/202108/6110ab4757dd1.jpg?im=Resize,width=600,height=300",Bristol,$45.95
https://www.glassesshop.com/eyeglasses/fp1168,"https://res.glassesshop.com/products/201702/58ae78f252584.jpg?im=Resize,width=600,height=300",Coolidge,$5.95
https://www.glassesshop.com/eyeglasses/fz2015,"https://res.glassesshop.com/products/202209/632920c340596.jpg?im=Resize,width=600,height=300",Sheridan,$29.95
https://www.glassesshop.com/eyeglasses/fp2186,"https://res.glassesshop.com/products/202011/5fc45756d219c.jpg?im=Resize,width=600,height=300",Bainbridge,$19.95
https://www.glassesshop.com/eyeglasses/fp0989,"https://res.glassesshop.com/products/202101/5ff15557c070f.jpg?im=Resize,width=600,height=300",Hillsborough,$19.95
https://www.glassesshop.com/eyeglasses/grm0003,"https://res.glassesshop.com/products/202305/645331ca608ff.jpg?im=Resize,width=600,height=300",Cathy,$7.99
https://www.glassesshop.com/eyeglasses/fm1263,"https://res.glassesshop.com/products/201906/5cf730e71cec3.jpg?im=Resize,width=600,height=300",Rochester,$29.95
https://www.glassesshop.com/eyeglasses/sup0622,"https://res.glassesshop.com/products/201904/5cb69b5e59b5c.jpg?im=Resize,width=600,height=300",Wilker,$29.95
https://www.glassesshop.com/eyeglasses/sup1282,"https://res.glassesshop.com/products/202203/6244006ac349b.jpg?im=Resize,width=600,height=300",Chamomile,$26.95
https://www.glassesshop.com/eyeglasses/fm1503,"https://res.glassesshop.com/products/202010/5f9237cbea23a.jpg?im=Resize,width=600,height=300",Antony,$12.95
https://www.glassesshop.com/eyeglasses/sup1255,"https://res.glassesshop.com/products/202109/613efc5750d9b.jpg?im=Resize,width=600,height=300",Schenectady,$29.95
https://www.glassesshop.com/eyeglasses/fp2013,"https://res.glassesshop.com/products/201910/5db16a534b675.jpg?im=Resize,width=600,height=300",Rainbow,$19.95
https://www.glassesshop.com/eyeglasses/sm0787,"https://res.glassesshop.com/products/202107/60f925983a13f.jpg?im=Resize,width=600,height=300",Darcy,$19.95
https://www.glassesshop.com/eyeglasses/fp2566,"https://res.glassesshop.com/products/202202/621d9059335d4.jpg?im=Resize,width=600,height=300",Vanessa,$12.95
https://www.glassesshop.com/eyeglasses/fz1250,"https://res.glassesshop.com/products/201810/5bbc4f0f37405.jpg?im=Resize,width=600,height=300",Vivian,$29.95
https://www.glassesshop.com/eyeglasses/sup0759,"https://res.glassesshop.com/products/202001/5e0eb47d12e4c.jpg?im=Resize,width=600,height=300",Christian,$29.95
https://www.glassesshop.com/eyeglasses/fz2097,"https://res.glassesshop.com/products/202307/64a2935fe3c37.jpg?im=Resize,width=600,height=300",Aurek,$34.95
https://www.glassesshop.com/eyeglasses/fp2500,"https://res.glassesshop.com/products/202111/617fac27c446f.jpg?im=Resize,width=600,height=300",Theresa,$26.95
https://www.glassesshop.com/eyeglasses/fp2328,"https://res.glassesshop.com/products/202106/60c8028963d19.jpg?im=Resize,width=600,height=300",Tower,$19.95
https://www.glassesshop.com/eyeglasses/fp1938,"https://res.glassesshop.com/products/202204/624d30c1d7489.jpg?im=Resize,width=600,height=300",Abina,$19.95
https://www.glassesshop.com/eyeglasses/fm1086,"https://res.glassesshop.com/products/201707/5965e62dae07c.jpg?im=Resize,width=600,height=300",James,$39.95
https://www.glassesshop.com/eyeglasses/fp1456,"https://res.glassesshop.com/products/201909/5d8d74c323898.jpg?im=Resize,width=600,height=300",Zoe,$19.95
https://www.glassesshop.com/eyeglasses/fp1774,"https://res.glassesshop.com/products/201809/5bac31dd1cca8.jpg?im=Resize,width=600,height=300",Winchester,$19.95
https://www.glassesshop.com/eyeglasses/rm0322,"https://res.glassesshop.com/products/202208/62f1d77859ed7.jpg?im=Resize,width=600,height=300",AnnArbor,$29.95
https://www.glassesshop.com/eyeglasses/fz2026,"https://res.glassesshop.com/products/202209/632921223b13f.jpg?im=Resize,width=600,height=300",Hoyle,$19.98
https://www.glassesshop.com/eyeglasses/fz2107,"https://res.glassesshop.com/products/202307/64a2938eca472.jpg?im=Resize,width=600,height=300",Brian,$34.95
https://www.glassesshop.com/eyeglasses/fz2100,"https://res.glassesshop.com/products/202307/64a2936f3a9b5.jpg?im=Resize,width=600,height=300",Callan,$34.95
https://www.glassesshop.com/eyeglasses/sm0921,"https://res.glassesshop.com/products/202105/60a36044e81a5.jpg?im=Resize,width=600,height=300",Monica,$39.95
https://www.glassesshop.com/eyeglasses/fp1543,"https://res.glassesshop.com/products/201801/5a65815f91df3.jpg?im=Resize,width=600,height=300",Adam,$26.95
https://www.glassesshop.com/eyeglasses/fz1083,"https://res.glassesshop.com/products/201710/59e01c2604ce3.jpg?im=Resize,width=600,height=300",Nicole,$29.95
https://www.glassesshop.com/eyeglasses/fp2272,"https://res.glassesshop.com/products/202104/606bc7a690cfb.jpg?im=Resize,width=600,height=300",Orlando,$12.95
https://www.glassesshop.com/eyeglasses/fp2307,"https://res.glassesshop.com/products/202106/60c1c4220f4d4.jpg?im=Resize,width=600,height=300",Alger,$34.95
https://www.glassesshop.com/eyeglasses/rm0247,"https://res.glassesshop.com/products/201703/58c7556ccda85.jpg?im=Resize,width=600,height=300",Terre,$32.95
https://www.glassesshop.com/eyeglasses/fp2726,"https://res.glassesshop.com/products/202304/6434bfa40143e.jpg?im=Resize,width=600,height=300",Ernest,$26.95
https://www.glassesshop.com/eyeglasses/ft0242,"https://res.glassesshop.com/products/201810/5bbc4f036842a.jpg?im=Resize,width=600,height=300",Robben,$39.95
https://www.glassesshop.com/eyeglasses/sup1502,"https://res.glassesshop.com/products/202306/64869092895f0.jpg?im=Resize,width=600,height=300",Lionel,$29.95
https://www.glassesshop.com/eyeglasses/fm1499,"https://res.glassesshop.com/products/202009/5f616c753590c.jpg?im=Resize,width=600,height=300",Saxton,$39.95
https://www.glassesshop.com/eyeglasses/fz1279,"https://res.glassesshop.com/products/201810/5bbc50f665fff.jpg?im=Resize,width=600,height=300",Ezekiel,$29.95
https://www.glassesshop.com/eyeglasses/fp1987,"https://res.glassesshop.com/products/202111/619af72807084.jpg?im=Resize,width=600,height=300",Labrador,$12.95
https://www.glassesshop.com/eyeglasses/fp2420,"https://res.glassesshop.com/products/202108/6110ab57a73e2.jpg?im=Resize,width=600,height=300",Amos,$45.95
https://www.glassesshop.com/eyeglasses/sm0896,"https://res.glassesshop.com/products/202009/5f5f30bf631ce.jpg?im=Resize,width=600,height=300",Stephen,$12.95
https://www.glassesshop.com/eyeglasses/sm0947,"https://res.glassesshop.com/products/202208/62f9e79f17bbb.jpg?im=Resize,width=600,height=300",Fernando,$19.95
https://www.glassesshop.com/eyeglasses/fz1382,"https://res.glassesshop.com/products/201908/5d4d19dba44c0.jpg?im=Resize,width=600,height=300",Lindsay,$29.95
https://www.glassesshop.com/eyeglasses/fm1496,"https://res.glassesshop.com/products/202009/5f5f3068bfdc4.jpg?im=Resize,width=600,height=300",Bevis,$35.95
https://www.glassesshop.com/eyeglasses/rm0308,"https://res.glassesshop.com/products/202112/61adc08a0a466.jpg?im=Resize,width=600,height=300",Richfield,$29.95
https://www.glassesshop.com/eyeglasses/fz2046,"https://res.glassesshop.com/products/202307/64a7c6d11cccf.jpg?im=Resize,width=600,height=300",Nicky,$29.95
https://www.glassesshop.com/eyeglasses/fp2165,"https://res.glassesshop.com/products/202011/5f9faf1aa2b44.jpg?im=Resize,width=600,height=300",Ogden,$26.95
https://www.glassesshop.com/eyeglasses/fp1945,"https://res.glassesshop.com/products/201910/5daeb701ef20c.jpg?im=Resize,width=600,height=300",Acacia,$19.95
https://www.glassesshop.com/eyeglasses/fm1790,"https://res.glassesshop.com/products/202207/62cbdd2bb08d1.jpg?im=Resize,width=600,height=300",Virgo,$29.95
https://www.glassesshop.com/eyeglasses/ft0326,"https://res.glassesshop.com/products/201908/5d4d180867511.jpg?im=Resize,width=600,height=300",Dubois,$49.95
https://www.glassesshop.com/eyeglasses/fp2669,"https://res.glassesshop.com/products/202301/63d76e6b972d7.jpg?im=Resize,width=600,height=300",Uriah,$19.95
https://www.glassesshop.com/eyeglasses/fz2102,"https://res.glassesshop.com/products/202307/64a2937829433.jpg?im=Resize,width=600,height=300",Kent,$17.48
https://www.glassesshop.com/eyeglasses/fm1595,"https://res.glassesshop.com/products/202104/606bdc10429d3.jpg?im=Resize,width=600,height=300",Gill,$19.95
https://www.glassesshop.com/eyeglasses/fp1697,"https://res.glassesshop.com/products/201805/5b03beaa13479.jpg?im=Resize,width=600,height=300",Novia,$19.95
https://www.glassesshop.com/eyeglasses/fp2596,"https://res.glassesshop.com/products/202207/62cbdbe70b5f1.jpg?im=Resize,width=600,height=300",Pittsfield,$29.95
https://www.glassesshop.com/eyeglasses/fp2212,"https://res.glassesshop.com/products/202101/5ff2c6b7a65ed.jpg?im=Resize,width=600,height=300",Windsor,$19.95
https://www.glassesshop.com/eyeglasses/fp1830,"https://res.glassesshop.com/products/201904/5cb69b4231106.jpg?im=Resize,width=600,height=300",Averies,$19.95
https://www.glassesshop.com/eyeglasses/fp1231,"https://res.glassesshop.com/products/201611/58252d0bc56b8.jpg?im=Resize,width=600,height=300",Trenton,$9.95
https://www.glassesshop.com/eyeglasses/fp2124,"https://res.glassesshop.com/products/202008/5f30d30f5d6a5.jpg?im=Resize,width=600,height=300",Salinas,$26.95
https://www.glassesshop.com/eyeglasses/fp2592,"https://res.glassesshop.com/products/202207/62cbdd4f71832.jpg?im=Resize,width=600,height=300",Stone,$29.95
https://www.glassesshop.com/eyeglasses/fp1836,"https://res.glassesshop.com/products/201904/5cb69b5116ee3.jpg?im=Resize,width=600,height=300",Husk,$19.95
https://www.glassesshop.com/eyeglasses/fp1948,"https://res.glassesshop.com/products/202005/5ec4810dc05c2.jpg?im=Resize,width=600,height=300",Eleanor,$12.95
https://www.glassesshop.com/eyeglasses/sup0999,"https://res.glassesshop.com/products/202009/5f5f316564ec0.jpg?im=Resize,width=600,height=300",Hoboken,$12.95
https://www.glassesshop.com/eyeglasses/fp2627,"https://res.glassesshop.com/products/202208/62f1d75710546.jpg?im=Resize,width=600,height=300",Gainesville,$29.95
https://www.glassesshop.com/eyeglasses/sup1419,"https://res.glassesshop.com/products/202208/62f9e86eef02b.jpg?im=Resize,width=600,height=300",Gaskell,$29.95
https://www.glassesshop.com/eyeglasses/fp1947,"https://res.glassesshop.com/products/201909/5d8d7514a11ba.jpg?im=Resize,width=600,height=300",Dinas,$12.95
https://www.glassesshop.com/eyeglasses/fp1501,"https://res.glassesshop.com/products/202012/5fdc471ee6935.jpg?im=Resize,width=600,height=300",Astrid,$19.95
https://www.glassesshop.com/eyeglasses/sup1438,"https://res.glassesshop.com/products/202302/63fc594d058e5.jpg?im=Resize,width=600,height=300",Betty,$9.95
https://www.glassesshop.com/eyeglasses/fz2081,"https://res.glassesshop.com/products/202307/64a7c7d51c109.jpg?im=Resize,width=600,height=300",Dallas,$29.95
https://www.glassesshop.com/eyeglasses/fm1308,"https://res.glassesshop.com/products/201810/5bbc4f033d516.jpg?im=Resize,width=600,height=300",Ansel,$19.95
https://www.glassesshop.com/eyeglasses/fz1735,"https://res.glassesshop.com/products/202108/6107bda12f492.jpg?im=Resize,width=600,height=300",Louise,$29.95
https://www.glassesshop.com/eyeglasses/ft0424,"https://res.glassesshop.com/products/202103/604ecca52edf2.jpg?im=Resize,width=600,height=300",Manhattan,$44.95
https://www.glassesshop.com/eyeglasses/fp2485,"https://res.glassesshop.com/products/202201/61dbe5ac8ef17.jpg?im=Resize,width=600,height=300",Anna,$26.95
https://www.glassesshop.com/eyeglasses/fp2440,"https://res.glassesshop.com/products/202109/614a9cb7b3352.jpg?im=Resize,width=600,height=300",Mavis,$29.95
https://www.glassesshop.com/eyeglasses/fp1643,"https://res.glassesshop.com/products/202106/60c6b76f369c4.jpg?im=Resize,width=600,height=300",Isaiah,$19.95
https://www.glassesshop.com/eyeglasses/fp2457,"https://res.glassesshop.com/products/202109/614a9db52b062.jpg?im=Resize,width=600,height=300",Freda,$19.95
https://www.glassesshop.com/eyeglasses/fp1276,"https://res.glassesshop.com/products/201701/587f15a43dd95.jpg?im=Resize,width=600,height=300",Land,$19.95
https://www.glassesshop.com/eyeglasses/fp2077,"https://res.glassesshop.com/products/202005/5eb8b55205375.jpg?im=Resize,width=600,height=300",Hartford,$26.95
https://www.glassesshop.com/eyeglasses/fm1669,"https://res.glassesshop.com/products/202202/620a0439abcb7.jpg?im=Resize,width=600,height=300",John,$29.95
https://www.glassesshop.com/eyeglasses/sup1014,"https://res.glassesshop.com/products/202009/5f5f31cf1a282.jpg?im=Resize,width=600,height=300",Elroy,$29.95
https://www.glassesshop.com/eyeglasses/fp1631,"https://res.glassesshop.com/products/201805/5afe7d402928f.jpg?im=Resize,width=600,height=300",Aiden,$12.95
https://www.glassesshop.com/eyeglasses/fp1593,"https://res.glassesshop.com/products/201805/5afb961147318.jpg?im=Resize,width=600,height=300",Jerry,$26.95
https://www.glassesshop.com/eyeglasses/fp1763,"https://res.glassesshop.com/products/202203/623d237d0a20b.jpg?im=Resize,width=600,height=300",Arlene,$26.95
